rows percentage,train score,test score
0.5,0.95350429339840337,0.5369788740208414
0.34,0.94567503662932628,0.5389347036924708
0.25,0.95251567022618089,0.5281874238045544
0.1,0.95126605403844045,0.5090884945417357
